app,component,kind,baseline_params,emitted_params
FlowSensitivity1.apk,de.ecspride.MainActivity,Activity,4,1
FlowSensitivity1.apk,de.ecspride.MainActivity$PlaceholderFragment,Fragment,9,5
Merge1.apk,de.ecspride.MainActivity,Activity,4,1
SimpleAliasing1.apk,de.ecspride.MainActivity$PlaceholderFragment,Fragment,9,5
SimpleAliasing1.apk,de.ecspride.MainActivity,Activity,4,1
StrongUpdate1.apk,de.ecspride.MainActivity$PlaceholderFragment,Fragment,9,5
StrongUpdate1.apk,de.ecspride.MainActivity,Activity,4,1
ApplicationModeling1.apk,edu.mit.application_modeling.MainActivity,Activity,4,1
ApplicationModeling1.apk,edu.mit.application_modeling.AnotherActivity,Activity,4,1
DirectLeak1.apk,de.ecspride.MainActivity,Activity,4,1
InactiveActivity.apk,de.ecspride.InactiveActivity,Activity,4,1
Library2.apk,de.ecspride.MainActivity,Activity,4,1
LogNoLeak.apk,de.ecspride.LogNoLeak,Activity,4,1
Obfuscation1.apk,de.ecspride.MainActivity,Activity,4,1
Parcel1.apk,edu.mit.parcel.MainActivity,Activity,4,1
PrivateDataLeak1.apk,de.ecspride.PrivateDateLeakage,Activity,4,1
PrivateDataLeak2.apk,de.ecspride.PrivateDataLeak2,Activity,4,1
PrivateDataLeak3.apk,de.ecspride.MainActivity,Activity,4,1
PublicAPIField1.apk,edu.mit.public_api_field.MainActivity,Activity,4,1
PublicAPIField2.apk,edu.mit.icc_intent_class_modeling.MainActivity,Activity,4,1
View1.apk,de.ecspride.MainActivity,Activity,4,1
ArrayAccess1.apk,de.ecspride.ArrayAccess1,Activity,4,1
ArrayAccess2.apk,de.ecspride.ArrayAccess2,Activity,4,1
ArrayAccess3.apk,de.ecspride.ArrayAccess3,Activity,4,1
ArrayAccess4.apk,de.ecspride.ArrayAccess4,Activity,4,1
ArrayAccess5.apk,de.ecspride.ArrayAccess5,Activity,4,1
ArrayCopy1.apk,edu.mit.array_copy.MainActivity,Activity,4,1
ArrayToString1.apk,edu.mit.to_string.MainActivity,Activity,4,1
HashMapAccess1.apk,de.ecspride.HashMapAccess1,Activity,4,1
ListAccess1.apk,de.ecspride.ListAccess1,Activity,4,1
MultidimensionalArray1.apk,edu.mit.array_slice.MainActivity,Activity,4,1
AnonymousClass1.apk,de.ecspride.AnnonymousClass1,Activity,4,1
Button1.apk,de.ecspride.Button1,Activity,4,1
Button2.apk,de.ecspride.Button2,Activity,4,1
Button3.apk,de.ecspride.MainActivity,Activity,4,1
Button4.apk,de.ecspride.Button4,Activity,4,1
Button5.apk,edu.mit.button_object_allocation.Button1,Activity,4,1
LocationLeak1.apk,de.ecspride.LocationLeak1,Activity,4,1
LocationLeak2.apk,de.ecspride.LocationLeak2,Activity,4,1
LocationLeak3.apk,de.ecspride.LocationLeak3,Activity,4,1
MethodOverride1.apk,de.ecspride.MethodOverride1,Activity,4,1
MultiHandlers1.apk,de.ecspride.MultiHandlers2,Activity,4,1
MultiHandlers1.apk,de.ecspride.MultiHandlers1,Activity,4,1
Ordering1.apk,de.ecspride.MainActivity,Activity,4,1
RegisterGlobal1.apk,de.ecspride.MainActivity,Activity,4,1
RegisterGlobal2.apk,de.ecspride.MainActivity,Activity,4,1
Unregister1.apk,de.ecspride.MainActivity,Activity,4,1
DynamicBoth1.apk,edu.wayne.cs.MainActivity,Activity,4,1
DynamicSink1.apk,edu.wayne.cs.MainActivity,Activity,4,1
DynamicSource1.apk,edu.wayne.cs.MainActivity,Activity,4,1
Battery1.apk,com.example.newedtester.MainActivity,Activity,4,1
Battery1.apk,com.example.newedtester.MainActivity$1,Receiver,2,2
Bluetooth1.apk,com.example.newedtester.MainActivity,Activity,4,1
Build1.apk,com.example.newedtester.MainActivity,Activity,4,1
Contacts1.apk,com.example.newedtester.MainActivity,Activity,4,1
ContentProvider1.apk,de.ecspride.MainActivity,Activity,4,1
ContentProvider1.apk,de.ecspride.MyContentProvider,Provider,0,0
DeviceId1.apk,com.example.newedtester.MainActivity,Activity,4,1
File1.apk,com.example.newedtester.MainActivity,Activity,4,1
IMEI1.apk,de.ecspride.MainActivity,Activity,4,1
IP1.apk,com.example.newedtester.MainActivity,Activity,4,1
PI1.apk,com.example.newedtester.MainActivity,Activity,4,1
PlayStore1.apk,de.ecspride.MainActivity,Activity,4,1
PlayStore2.apk,com.google.android.gms.maps.SupportMapFragment,Fragment,9,5
PlayStore2.apk,com.google.android.gms.ads.purchase.InAppPurchaseActivity,Activity,4,1
PlayStore2.apk,com.example.newedtester.MainActivity,Activity,4,1
PlayStore2.apk,com.google.android.gms.analytics.AnalyticsReceiver,Receiver,2,2
PlayStore2.apk,com.google.android.gms.wallet.fragment.SupportWalletFragment,Fragment,9,5
PlayStore2.apk,com.google.android.gms.analytics.CampaignTrackingReceiver,Receiver,2,2
PlayStore2.apk,com.google.android.gms.gcm.GcmListenerService,Service,8,2
PlayStore2.apk,com.google.android.gms.internal.zzaz$5,Receiver,2,2
PlayStore2.apk,com.google.android.gms.tagmanager.zzbl,Receiver,2,2
PlayStore2.apk,com.google.android.gms.gcm.GcmTaskService,Service,8,2
PlayStore2.apk,com.google.android.gms.ads.AdActivity,Activity,4,1
PlayStore2.apk,com.google.android.gms.measurement.internal.zzr,Receiver,2,2
PlayStore2.apk,com.google.android.gms.internal.zzlp$zzb$1,Receiver,2,2
PlayStore2.apk,com.google.android.gms.maps.StreetViewPanoramaFragment,Fragment,9,5
PlayStore2.apk,com.google.android.gms.drive.events.DriveEventService,Service,8,2
PlayStore2.apk,com.google.android.gms.internal.zzlp,Fragment,9,5
PlayStore2.apk,com.google.android.gms.wearable.zzj,Service,8,2
PlayStore2.apk,com.google.android.gms.tagmanager.InstallReferrerReceiver,Receiver,2,2
PlayStore2.apk,com.google.android.gms.cast.CastRemoteDisplayLocalService,Service,8,2
PlayStore2.apk,com.google.android.gms.tagmanager.PreviewActivity,Activity,4,1
PlayStore2.apk,com.google.android.gms.iid.InstanceIDListenerService,Service,8,2
PlayStore2.apk,com.google.android.gms.gcm.GcmReceiver,Receiver,2,2
PlayStore2.apk,com.google.android.gms.wallet.EnableWalletOptimizationReceiver,Receiver,2,2
PlayStore2.apk,com.google.android.gms.maps.SupportStreetViewPanoramaFragment,Fragment,9,5
PlayStore2.apk,com.google.android.gms.wearable.WearableListenerService,Service,8,2
PlayStore2.apk,com.google.android.gms.analytics.internal.zzag,Receiver,2,2
PlayStore2.apk,com.google.android.gms.iid.InstanceIDListenerService$2,Receiver,2,2
PlayStore2.apk,com.google.android.gms.analytics.AnalyticsService,Service,8,2
PlayStore2.apk,com.google.android.gms.analytics.CampaignTrackingService,Service,8,2
PlayStore2.apk,com.google.android.gms.cast.CastRemoteDisplayLocalService$zzb,Receiver,2,2
PlayStore2.apk,com.google.android.gms.internal.zzid$zza,Receiver,2,2
PlayStore2.apk,com.google.android.gms.measurement.AppMeasurementService,Service,8,2
PlayStore2.apk,com.google.android.gms.maps.MapFragment,Fragment,9,5
PlayStore2.apk,com.google.android.gms.fitness.service.FitnessSensorService,Service,8,2
PlayStore2.apk,com.google.android.gms.internal.zzli$zzd,Receiver,2,2
PlayStore2.apk,com.google.android.gms.common.SupportErrorDialogFragment,Fragment,9,5
PlayStore2.apk,com.google.android.gms.wallet.fragment.WalletFragment,Fragment,9,5
PlayStore2.apk,com.google.android.gms.common.ErrorDialogFragment,Fragment,9,5
PlayStore2.apk,com.google.android.gms.tagmanager.InstallReferrerService,Service,8,2
PlayStore2.apk,com.google.android.gms.internal.zzll,Receiver,2,2
PlayStore2.apk,com.google.android.gms.measurement.AppMeasurementContentProvider,Provider,0,0
PlayStore2.apk,com.google.android.gms.measurement.AppMeasurementReceiver,Receiver,2,2
Sensors1.apk,com.example.newedtester.MainActivity,Activity,4,1
SubscriberId1.apk,com.example.newedtester.MainActivity,Activity,4,1
VoiceMail1.apk,com.example.newedtester.MainActivity,Activity,4,1
FieldSensitivity1.apk,de.ecspride.FieldSensitivity1,Activity,4,1
FieldSensitivity2.apk,de.ecspride.FieldSensitivity2,Activity,4,1
FieldSensitivity3.apk,de.ecspride.FieldSensitivity3,Activity,4,1
FieldSensitivity4.apk,de.ecspride.FieldSensitivity4,Activity,4,1
InheritedObjects1.apk,de.ecspride.InheritedObjects1,Activity,4,1
ObjectSensitivity1.apk,de.ecspride.ObjectSensitivity1,Activity,4,1
ObjectSensitivity2.apk,de.ecspride.OverwiteValue,Activity,4,1
Clone1.apk,edu.mit.clone.MainActivity,Activity,4,1
Exceptions1.apk,de.ecspride.Exceptions1,Activity,4,1
Exceptions2.apk,de.ecspride.Exceptions2,Activity,4,1
Exceptions3.apk,de.ecspride.Exceptions3,Activity,4,1
Exceptions4.apk,de.ecspride.Exceptions4,Activity,4,1
Exceptions5.apk,de.ecspride.Exceptions5,Activity,4,1
Exceptions6.apk,de.ecspride.Exceptions6,Activity,4,1
Exceptions7.apk,de.ecspride.Exceptions7,Activity,4,1
FactoryMethods1.apk,de.ecspride.FactoryMethods1,Activity,4,1
Loop1.apk,de.ecspride.LoopExample1,Activity,4,1
Loop2.apk,de.ecspride.LoopExample2,Activity,4,1
Serialization1.apk,edu.mit.serialization.MainActivity,Activity,4,1
SourceCodeSpecific1.apk,de.ecspride.MainActivity,Activity,4,1
StartProcessWithSecret1.apk,edu.mit.non_sink_argument_flow.MainActivity,Activity,4,1
StaticInitialization1.apk,de.ecspride.MainActivity,Activity,4,1
StaticInitialization2.apk,de.ecspride.MainActivity,Activity,4,1
StaticInitialization3.apk,edu.mit.clinit.MainActivity,Activity,4,1
StringFormatter1.apk,edu.mit.string_formatter.MainActivity,Activity,4,1
StringPatternMatching1.apk,edu.mit.pattern_matcher.MainActivity,Activity,4,1
StringToCharArray1.apk,edu.mit.string_to_char.MainActivity,Activity,4,1
StringToOutputStream1.apk,edu.mit.outputstream.MainActivity,Activity,4,1
UnreachableCode.apk,de.ecspride.UnreachableCode,Activity,4,1
VirtualDispatch1.apk,de.ecspride.VirtualDispatch1,Activity,4,1
VirtualDispatch2.apk,edu.mit.dynamic_dispatch.MainActivity,Activity,4,1
VirtualDispatch3.apk,de.ecspride.MainActivity,Activity,4,1
VirtualDispatch4.apk,de.ecspride.MainActivity,Activity,4,1
ImplicitFlow1.apk,de.ecspride.ImplicitFlow1,Activity,4,1
ImplicitFlow2.apk,de.ecspride.ImplicitFlow2,Activity,4,1
ImplicitFlow3.apk,de.ecspride.ImplicitFlow3,Activity,4,1
ImplicitFlow4.apk,de.ecspride.ImplicitFlow4,Activity,4,1
ImplicitFlow5.apk,de.ecspride.ImplicitFlow5,Activity,4,1
ImplicitFlow6.apk,de.ecspride.ImplicitFlow6,Activity,4,1
Collector.apk,com.example.collector.MainActivity,Activity,4,1
DeviceId_Broadcast1.apk,com.example.deviceid_broadcast.MainActivity,Activity,4,1
DeviceId_Broadcast1.apk,com.example.deviceid_broadcast.broadcast_deviceid,Receiver,2,2
DeviceId_OrderedIntent1.apk,com.example.deviceid_orderedintent.Receiver2,Receiver,2,2
DeviceId_OrderedIntent1.apk,com.example.deviceid_orderedintent.Receiver3,Receiver,2,2
DeviceId_OrderedIntent1.apk,com.example.deviceid_orderedintent.MainActivity,Activity,4,1
DeviceId_Service1.apk,com.example.deviceid_service.Service_deviceid,Service,8,2
DeviceId_Service1.apk,com.example.deviceid_service.MainActivity,Activity,4,1
DeviceId_contentProvider1.apk,com.example.deviceid_contentprovider1.MainActivity,Activity,4,1
DeviceId_contentProvider1.apk,com.example.deviceid_contentprovider1.contentProvider,Provider,0,0
Location1.apk,com.example.location.MainActivity,Activity,4,1
Location_Broadcast1.apk,com.example.location_broadcast.MainActivity,Activity,4,1
Location_Broadcast1.apk,com.example.location_broadcast.location_broadcast,Receiver,2,2
Location_Service1.apk,com.example.location_service.Locationservice,Service,8,2
Location_Service1.apk,com.example.location_service.MainActivity,Activity,4,1
ActivityCommunication1.apk,de.ecspride.Activity2,Activity,4,1
ActivityCommunication1.apk,de.ecspride.Activity1,Activity,4,1
ActivityCommunication2.apk,edu.mit.icc_action_string_operations.InFlowActivity,Activity,4,1
ActivityCommunication2.apk,edu.mit.icc_action_string_operations.OutFlowActivity,Activity,4,1
ActivityCommunication2.apk,edu.mit.icc_action_string_operations.IsolateActivity,Activity,4,1
ActivityCommunication3.apk,edu.mit.icc_componentname_class_constant.InFlowActivity,Activity,4,1
ActivityCommunication3.apk,edu.mit.icc_componentname_class_constant.OutFlowActivity,Activity,4,1
ActivityCommunication3.apk,edu.mit.icc_componentname_class_constant.IsolateActivity,Activity,4,1
ActivityCommunication4.apk,edu.mit.icc_concat_action_string.InFlowActivity,Activity,4,1
ActivityCommunication4.apk,edu.mit.icc_concat_action_string.OutFlowActivity,Activity,4,1
ActivityCommunication4.apk,edu.mit.icc_concat_action_string.IsolateActivity,Activity,4,1
ActivityCommunication5.apk,edu.mit.icc_intent_component_name.IsolateActivity,Activity,4,1
ActivityCommunication5.apk,edu.mit.icc_intent_component_name.InFlowActivity,Activity,4,1
ActivityCommunication5.apk,edu.mit.icc_intent_component_name.OutFlowActivity,Activity,4,1
ActivityCommunication6.apk,edu.mit.icc_intent_passed_through_api.InFlowActivity,Activity,4,1
ActivityCommunication6.apk,edu.mit.icc_intent_passed_through_api.OutFlowActivity,Activity,4,1
ActivityCommunication6.apk,edu.mit.icc_intent_passed_through_api.IsolateActivity,Activity,4,1
ActivityCommunication7.apk,edu.mit.icc_non_constant_class_object.InFlowActivity,Activity,4,1
ActivityCommunication7.apk,edu.mit.icc_non_constant_class_object.IsolateActivity,Activity,4,1
ActivityCommunication7.apk,edu.mit.icc_non_constant_class_object.OutFlowActivity,Activity,4,1
ActivityCommunication8.apk,edu.mit.icc_pass_action_string_through_api.InFlowActivity,Activity,4,1
ActivityCommunication8.apk,edu.mit.icc_pass_action_string_through_api.OutFlowActivity,Activity,4,1
ActivityCommunication8.apk,edu.mit.icc_pass_action_string_through_api.IsolateActivity,Activity,4,1
BroadcastTaintAndLeak1.apk,edu.mit.icc_broadcast_programmatic_intentfilter.BroadcastTest,Activity,4,1
BroadcastTaintAndLeak1.apk,edu.mit.icc_broadcast_programmatic_intentfilter.BroadcastTest$1,Receiver,2,2
ComponentNotInManifest1.apk,edu.mit.icc_component_not_in_manifest.InFlowActivity,Activity,4,1
ComponentNotInManifest1.apk,edu.mit.icc_component_not_in_manifest.IsolateActivity,Activity,4,1
ComponentNotInManifest1.apk,edu.mit.icc_component_not_in_manifest.InFlowInterceptorActivity,Activity,4,1
ComponentNotInManifest1.apk,edu.mit.icc_component_not_in_manifest.OutFlowActivity,Activity,4,1
EventOrdering1.apk,edu.mit.icc_event_ordering.InFlowActivity,Activity,4,1
EventOrdering1.apk,edu.mit.icc_event_ordering.IsolateActivity,Activity,4,1
EventOrdering1.apk,edu.mit.icc_event_ordering.OutFlowActivity,Activity,4,1
IntentSink1.apk,de.ecspride.IntentSink1,Activity,4,1
IntentSink2.apk,de.ecspride.IntentSink2,Activity,4,1
IntentSource1.apk,lu.uni.snt.serval.IntentSource1,Activity,4,1
ServiceCommunication1.apk,edu.mit.icc_service_messages.MessengerService,Service,8,2
ServiceCommunication1.apk,edu.mit.icc_service_messages.ActivityMessenger,Activity,4,1
SharedPreferences1.apk,edu.mit.shared_preferences.MainActivity,Activity,4,1
SharedPreferences1.apk,edu.mit.shared_preferences.AnotherActivity,Activity,4,1
Singletons1.apk,edu.mit.to_components_share_memory.MainActivity,Activity,4,1
Singletons1.apk,edu.mit.to_components_share_memory.AnotherActivity,Activity,4,1
UnresolvableIntent1.apk,edu.mit.icc_unresolvable_intent.InFlowActivity2,Activity,4,1
UnresolvableIntent1.apk,edu.mit.icc_unresolvable_intent.OutFlowActivity,Activity,4,1
UnresolvableIntent1.apk,edu.mit.icc_unresolvable_intent.InFlowActivity,Activity,4,1
ActivityEventSequence1.apk,edu.uta.ActivityEventSequence1,Activity,4,1
ActivityEventSequence2.apk,edu.uta.ActivityEventSequence2,Activity,4,1
ActivityEventSequence3.apk,edu.uta.ActivityEventSequence3,Activity,4,1
ActivityLifecycle1.apk,de.ecspride.ActivityLifecycle1,Activity,4,1
ActivityLifecycle2.apk,de.ecspride.GeneralActivity,Activity,4,1
ActivityLifecycle2.apk,de.ecspride.MainActivity,Activity,4,1
ActivityLifecycle3.apk,de.ecspride.MainActivity,Activity,4,1
ActivityLifecycle4.apk,de.ecspride.MainActivity,Activity,4,1
ActivitySavedState1.apk,edu.mit.activity_saved_state.MainActivity,Activity,4,1
ApplicationLifecycle1.apk,de.ecspride.MainActivity,Activity,4,1
ApplicationLifecycle2.apk,de.ecspride.MainActivity,Activity,4,1
ApplicationLifecycle3.apk,de.ecspride.ContentProvider,Provider,0,0
ApplicationLifecycle3.apk,de.ecspride.MainActivity,Activity,4,1
AsynchronousEventOrdering1.apk,edu.mit.activity_asynchronous_event_ordering.MainActivity,Activity,4,1
BroadcastReceiverLifecycle1.apk,de.ecspride.TestReceiver,Receiver,2,2
BroadcastReceiverLifecycle2.apk,de.ecspride.MainActivity,Activity,4,1
BroadcastReceiverLifecycle2.apk,de.ecspride.MainActivity$MyReceiver,Receiver,2,2
BroadcastReceiverLifecycle3.apk,de.ecspride.MainActivity,Activity,4,1
BroadcastReceiverLifecycle3.apk,de.ecspride.MainActivity$MyReceiver,Receiver,2,2
EventOrdering1.apk,edu.mit.event_ordering.MainActivity,Activity,4,1
FragmentLifecycle1.apk,de.ecspride.ExampleFragment,Fragment,9,5
FragmentLifecycle1.apk,de.ecspride.MainActivity,Activity,4,1
FragmentLifecycle2.apk,edu.mit.fragments.MainActivity,Activity,4,1
FragmentLifecycle2.apk,edu.mit.fragments.ArticleFragment,Fragment,9,5
FragmentLifecycle2.apk,edu.mit.fragments.HeadlinesFragment,Fragment,9,5
ServiceEventSequence1.apk,edu.uta.MainActivity,Activity,4,1
ServiceEventSequence1.apk,edu.uta.ServiceEventSequence1,Service,8,2
ServiceEventSequence2.apk,edu.uta.MainActivity,Activity,4,1
ServiceEventSequence2.apk,edu.uta.ServiceEventSequence2,Service,8,2
ServiceEventSequence3.apk,edu.uta.MainActivity,Activity,4,1
ServiceEventSequence3.apk,edu.uta.ServiceEventSequence3,Service,8,2
ServiceLifecycle1.apk,de.ecspride.MainService,Service,8,2
ServiceLifecycle2.apk,edu.mit.service_lifecycle.MyService,Service,8,2
ServiceLifecycle2.apk,edu.mit.service_lifecycle.MainActivity,Activity,4,1
SharedPreferenceChanged1.apk,edu.mit.event_context_shared_pref_listener.MainActivity,Activity,4,1
JavaIDFunction.apk,mod.ndk.ActMain,Activity,4,1
NativeIDFunction.apk,mod.ndk.ActMain,Activity,4,1
SinkInNativeCode.apk,mod.ndk.ActMain,Activity,4,1
SinkInNativeLibCode.apk,mod.ndk.ActMain,Activity,4,1
SourceInNativeCode.apk,mod.ndk.ActMain,Activity,4,1
Reflection1.apk,de.ecspride.MainActivity,Activity,4,1
Reflection10-NoFlow.apk,com.example.network_reflection.MainActivity,Activity,4,1
Reflection10.apk,com.example.network_reflection.MainActivity,Activity,4,1
Reflection2.apk,de.ecspride.MainActivity,Activity,4,1
Reflection3.apk,de.ecspride.MainActivity,Activity,4,1
Reflection4.apk,de.ecspride.MainActivity,Activity,4,1
Reflection5.apk,edu.wayne.cs.MainActivity,Activity,4,1
Reflection6.apk,edu.wayne.cs.MainActivity,Activity,4,1
Reflection7.apk,edu.wayne.cs.MainActivity,Activity,4,1
Reflection8.apk,edu.wayne.cs.MainActivity,Activity,4,1
Reflection9.apk,edu.wayne.cs.MainActivity,Activity,4,1
ActivityCommunication2.apk,edu.mit.icc_action_string_operations.IsolateActivity,Activity,4,1
ActivityCommunication2.apk,edu.mit.icc_action_string_operations.InFlowActivity,Activity,4,1
ActivityCommunication2.apk,edu.mit.icc_action_string_operations.OutFlowActivity,Activity,4,1
AllReflection.apk,com.example.sms.MainActivity,Activity,4,1
AllReflection.apk,com.example.sms.Activity2,Activity,4,1
AllReflection.apk,com.example.sms.Ref,Activity,4,1
OnlyIntent.apk,com.example.intentonly.Activity2,Activity,4,1
OnlyIntent.apk,com.example.intentonly.MainActivity,Activity,4,1
OnlyIntentReceive.apk,com.example.sinkintentonly.Activity2,Activity,4,1
OnlyIntentReceive.apk,com.example.sinkintentonly.MainActivity,Activity,4,1
OnlySMS.apk,com.example.sms.Activity2,Activity,4,1
OnlySMS.apk,com.example.sms.MainActivity,Activity,4,1
OnlyTelephony.apk,com.example.onlytelephony.Activity2,Activity,4,1
OnlyTelephony.apk,com.example.onlytelephony.MainActivity,Activity,4,1
OnlyTelephony_Dynamic.apk,com.example.onlytelephony.Activity2,Activity,4,1
OnlyTelephony_Dynamic.apk,com.example.onlytelephony.MainActivity,Activity,4,1
OnlyTelephony_Reverse.apk,com.example.onlytelephony.Activity2,Activity,4,1
OnlyTelephony_Reverse.apk,com.example.onlytelephony.MainActivity,Activity,4,1
OnlyTelephony_Substring.apk,com.example.onlytelephony.Activity2,Activity,4,1
OnlyTelephony_Substring.apk,com.example.onlytelephony.MainActivity,Activity,4,1
SharedPreferences1.apk,edu.mit.shared_preferences.MainActivity,Activity,4,1
SharedPreferences1.apk,edu.mit.shared_preferences.AnotherActivity,Activity,4,1
AsyncTask1.apk,de.ecspride.MainActivity,Activity,4,1
Executor1.apk,de.ecspride.MainActivity,Activity,4,1
JavaThread1.apk,de.ecspride.MainActivity,Activity,4,1
JavaThread2.apk,de.ecspride.MainActivity,Activity,4,1
Looper1.apk,de.ecspride.MainActivity,Activity,4,1
TimerTask1.apk,de.ecspride.MainActivity$PlaceholderFragment,Fragment,9,5
TimerTask1.apk,de.ecspride.MainActivity,Activity,4,1
SimpleUnreachable1.apk,droidbench.sit.fraunhofer.de.simpleunreachable1.MainActivity,Activity,4,1
UnreachableBoth.apk,edu.wayne.cs.MainActivity,Activity,4,1
UnreachableSink1.apk,edu.wayne.cs.MainActivity,Activity,4,1
UnreachableSource1.apk,edu.wayne.cs.MainActivity,Activity,4,1
app.fedilab.openmaps.apk,com.google.android.material.datepicker.MaterialDatePicker,Fragment,9,5
app.fedilab.openmaps.apk,app.fedilab.openmaps.AboutActivity,Activity,4,1
app.fedilab.openmaps.apk,app.fedilab.openmaps.MainActivity,Activity,4,1
app.fedilab.openmaps.apk,com.google.android.material.bottomsheet.BottomSheetDialogFragment,Fragment,9,5
app.fedilab.openmaps.apk,com.google.android.material.datepicker.PickerFragment,Fragment,9,5
app.fedilab.openmaps.apk,com.google.android.material.datepicker.MaterialTextInputPicker,Fragment,9,5
app.fedilab.openmaps.apk,com.google.android.material.datepicker.MaterialCalendar,Fragment,9,5
ch.bailu.aat.apk,ch.bailu.aat.activities.PoiActivity,Activity,4,1
ch.bailu.aat.apk,ch.bailu.aat.services.sensor.SensorService$1,Receiver,2,2
ch.bailu.aat.apk,ch.bailu.aat.activities.AbsOsmApiActivity$1,Receiver,2,2
ch.bailu.aat.apk,ch.bailu.aat.dispatcher.EditorSource$1,Receiver,2,2
ch.bailu.aat.apk,ch.bailu.aat.activities.NominatimActivity,Activity,4,1
ch.bailu.aat.apk,ch.bailu.aat.activities.ActivityContext,Activity,4,1
ch.bailu.aat.apk,ch.bailu.aat.dispatcher.OverlaySource$OverlayInformation$1,Receiver,2,2
ch.bailu.aat.apk,ch.bailu.aat.views.BusyViewControlDbSync$3,Receiver,2,2
ch.bailu.aat.apk,ch.bailu.aat.activities.MainActivity,Activity,4,1
ch.bailu.aat.apk,ch.bailu.aat.services.sensor.SensorService$3,Receiver,2,2
ch.bailu.aat.apk,ch.bailu.aat.activities.AbsOsmApiActivity,Activity,4,1
ch.bailu.aat.apk,ch.bailu.aat.activities.AbsFileContentActivity,Activity,4,1
ch.bailu.aat.apk,ch.bailu.aat.services.cache.CacheService$1,Receiver,2,2
ch.bailu.aat.apk,ch.bailu.aat.services.cache.ObjectBroadcaster$1,Receiver,2,2
ch.bailu.aat.apk,ch.bailu.aat.services.tileremover.TileRemoverService$2,Receiver,2,2
ch.bailu.aat.apk,ch.bailu.aat.views.tileremover.TileRemoverView$2,Receiver,2,2
ch.bailu.aat.apk,ch.bailu.aat.activities.AbsDispatcher,Activity,4,1
ch.bailu.aat.apk,ch.bailu.aat.views.ErrorView$1,Receiver,2,2
ch.bailu.aat.apk,ch.bailu.aat.map.tile.TileProvider$1,Receiver,2,2
ch.bailu.aat.apk,ch.bailu.aat.activities.FileContentActivity,Activity,4,1
ch.bailu.aat.apk,ch.bailu.aat.activities.OverpassActivity,Activity,4,1
ch.bailu.aat.apk,ch.bailu.aat.services.sensor.bluetooth_le.WheelCircumference$1,Receiver,2,2
ch.bailu.aat.apk,ch.bailu.aat.providers.GpxDocumentProvider,Provider,0,0
ch.bailu.aat.apk,ch.bailu.aat.activities.AbsHardwareButtons,Activity,4,1
ch.bailu.aat.apk,ch.bailu.aat.activities.MapActivity,Activity,4,1
ch.bailu.aat.apk,ch.bailu.aat.activities.OverlayListActivity,Activity,4,1
ch.bailu.aat.apk,ch.bailu.aat.activities.AboutActivity,Activity,4,1
ch.bailu.aat.apk,ch.bailu.aat.activities.AbsActivity,Activity,4,1
ch.bailu.aat.apk,ch.bailu.aat.dispatcher.IteratorSource$FollowFile$1,Receiver,2,2
ch.bailu.aat.apk,ch.bailu.aat.services.OneService,Service,8,2
ch.bailu.aat.apk,ch.bailu.aat.views.tileremover.TileRemoverView$1,Receiver,2,2
ch.bailu.aat.apk,ch.bailu.aat.services.tracker.TrackerService$1,Receiver,2,2
ch.bailu.aat.apk,ch.bailu.aat.activities.PreferencesActivity,Activity,4,1
ch.bailu.aat.apk,ch.bailu.aat.activities.CockpitTabletActivity,Activity,4,1
ch.bailu.aat.apk,ch.bailu.aat.views.msg_overlay.AbsBroadcastMsgView$1,Receiver,2,2
ch.bailu.aat.apk,ch.bailu.aat.activities.AbsKeepScreenOnActivity,Activity,4,1
ch.bailu.aat.apk,ch.bailu.aat.dispatcher.SensorSource$1,Receiver,2,2
ch.bailu.aat.apk,ch.bailu.aat.views.BusyViewControlDbSync$1,Receiver,2,2
ch.bailu.aat.apk,ch.bailu.aat.services.dem.loader.Dem3TileLoader$1,Receiver,2,2
ch.bailu.aat.apk,ch.bailu.aat.views.BusyViewControlDbSync$2,Receiver,2,2
ch.bailu.aat.apk,ch.bailu.aat.dispatcher.CurrentLocationSource$1,Receiver,2,2
ch.bailu.aat.apk,ch.bailu.aat.activities.AbsGpxListActivity,Activity,4,1
ch.bailu.aat.apk,ch.bailu.aat.services.directory.IteratorAbstract$1,Receiver,2,2
ch.bailu.aat.apk,ch.bailu.aat.services.directory.DirectorySynchronizer$1,Receiver,2,2
ch.bailu.aat.apk,ch.bailu.aat.activities.NodeDetailActivity,Activity,4,1
ch.bailu.aat.apk,ch.bailu.aat.services.sensor.SensorService$2,Receiver,2,2
ch.bailu.aat.apk,ch.bailu.aat.activities.ExternalListActivity,Activity,4,1
ch.bailu.aat.apk,ch.bailu.aat.providers.GpxProvider,Provider,0,0
ch.bailu.aat.apk,ch.bailu.aat.views.tileremover.TileRemoverView$3,Receiver,2,2
ch.bailu.aat.apk,ch.bailu.aat.dispatcher.CustomFileSource$1,Receiver,2,2
ch.bailu.aat.apk,ch.bailu.aat.services.tileremover.TileRemoverService$1,Receiver,2,2
ch.bailu.aat.apk,ch.bailu.aat.activities.CockpitActivity,Activity,4,1
ch.bailu.aat.apk,ch.bailu.aat.activities.TrackListActivity,Activity,4,1
ch.bailu.aat.apk,ch.bailu.aat.services.cache.ObjectBroadcaster$2,Receiver,2,2
ch.bailu.aat.apk,ch.bailu.aat.util.AbsServiceLink,Activity,4,1
ch.bailu.aat.apk,ch.bailu.aat.views.osm_features.OsmFeaturesView$1,Receiver,2,2
ch.bailu.aat.apk,ch.bailu.aat.activities.GpxViewActivity,Activity,4,1
ch.bailu.aat.apk,ch.bailu.aat.activities.AbsBackButton,Activity,4,1
ch.bailu.aat.apk,ch.bailu.aat.dispatcher.TrackerSource$1,Receiver,2,2
ch.bailu.aat.apk,ch.bailu.aat.services.AbsService,Service,8,2
ch.bailu.aat.apk,ch.bailu.aat.services.dem.updater.ElevationUpdater$1,Receiver,2,2
ch.bailu.aat.apk,ch.bailu.aat.activities.CockpitSplitActivity,Activity,4,1
ch.bailu.aat.apk,ch.bailu.aat.activities.GpxEditorActivity,Activity,4,1
ch.bailu.aat.apk,ch.bailu.aat.views.ImageObjectView$2,Receiver,2,2
com.asdoi.quicktiles.apk,f.b.a.o.d,Service,8,2
com.asdoi.quicktiles.apk,com.asdoi.quicksettings.intent_tiles.RecordVideoTileService,Service,8,2
com.asdoi.quicktiles.apk,com.asdoi.quicksettings.tiles.ToggleAnimationTileService,Service,8,2
com.asdoi.quicktiles.apk,com.asdoi.quicksettings.intent_tiles.OpenVolumePanelTileService,Service,8,2
com.asdoi.quicktiles.apk,f.b.a.o.g,Service,8,2
com.asdoi.quicktiles.apk,com.asdoi.quicksettings.intent_tiles.OpenAppOneTileService,Service,8,2
com.asdoi.quicktiles.apk,com.asdoi.quicksettings.accessibility_tiles.PowerDialogTileService,Service,8,2
com.asdoi.quicktiles.apk,com.asdoi.quicksettings.intent_tiles.OpenUserDictionaryTileService,Service,8,2
com.asdoi.quicktiles.apk,f.b.a.o.f,Service,8,2
com.asdoi.quicktiles.apk,com.asdoi.quicksettings.tiles.KeepScreenOnTileService,Service,8,2
com.asdoi.quicktiles.apk,com.asdoi.quicksettings.intent_tiles.OpenHomeTileService,Service,8,2
com.asdoi.quicktiles.apk,com.asdoi.quicksettings.intent_tiles.MakeCallTileService,Service,8,2
com.asdoi.quicktiles.apk,com.asdoi.quicksettings.SettingsActivity,Activity,4,1
com.asdoi.quicktiles.apk,com.asdoi.quicksettings.tiles.MediaVolumeTileService,Service,8,2
com.asdoi.quicktiles.apk,com.asdoi.quicksettings.intent_tiles.OpenAppThreeTileService,Service,8,2
com.asdoi.quicktiles.apk,com.asdoi.quicksettings.intent_tiles.PreviousSongTileService,Service,8,2
com.asdoi.quicktiles.apk,f.e.a.e.a,Fragment,0,0
com.asdoi.quicktiles.apk,com.asdoi.quicksettings.accessibility_tiles.ToggleSplitScreenTileService,Service,8,2
com.asdoi.quicktiles.apk,f.d.a.a.k.r,Fragment,0,0
com.asdoi.quicktiles.apk,f.b.a.o.a,Service,8,2
com.asdoi.quicktiles.apk,com.mikepenz.aboutlibraries.ui.LibsActivity,Activity,4,1
com.asdoi.quicktiles.apk,e.o.e,Fragment,0,0
com.asdoi.quicktiles.apk,e.o.f,Fragment,0,0
com.asdoi.quicktiles.apk,com.asdoi.quicksettings.intent_tiles.NewCalendarEventTileService,Service,8,2
com.asdoi.quicktiles.apk,com.asdoi.quicksettings.accessibility_tiles.LockScreenTileService,Service,8,2
com.asdoi.quicktiles.apk,com.asdoi.quicksettings.intent_tiles.OpenDeveloperOptionsTileService,Service,8,2
com.asdoi.quicktiles.apk,e.o.c,Fragment,0,0
com.asdoi.quicktiles.apk,com.asdoi.quicksettings.intent_tiles.OpenLocaleTileService,Service,8,2
com.asdoi.quicktiles.apk,f.d.a.a.k.g,Fragment,0,0
com.asdoi.quicktiles.apk,com.asdoi.quicksettings.intent_tiles.OpenVpnTileService,Service,8,2
com.asdoi.quicktiles.apk,com.asdoi.quicksettings.tiles.RotationSwitchTileService,Service,8,2
com.asdoi.quicktiles.apk,e.o.d,Fragment,0,0
com.asdoi.quicktiles.apk,f.c.a.a.q,Fragment,0,0
com.asdoi.quicktiles.apk,com.asdoi.quicksettings.tiles.FinishActivitiesTileService,Service,8,2
com.asdoi.quicktiles.apk,com.asdoi.quicksettings.intent_tiles.OpenCastTileService,Service,8,2
com.asdoi.quicktiles.apk,com.asdoi.quicksettings.intent_tiles.OpenConnectedDevicesTileService,Service,8,2
com.asdoi.quicktiles.apk,com.asdoi.quicksettings.intent_tiles.NewAlarmTileService,Service,8,2
com.asdoi.quicktiles.apk,f.b.a.o.e,Service,8,2
com.asdoi.quicktiles.apk,com.asdoi.quicksettings.intent_tiles.OpenAboutPhoneTileService,Service,8,2
com.asdoi.quicktiles.apk,com.asdoi.quicksettings.intent_tiles.TakePhotoTileService,Service,8,2
com.asdoi.quicktiles.apk,com.asdoi.quicksettings.intent_tiles.OpenAppFourTileService,Service,8,2
com.asdoi.quicktiles.apk,com.asdoi.quicksettings.tiles.SilenceLoudSwitchTileService,Service,8,2
com.asdoi.quicktiles.apk,com.asdoi.quicksettings.intent_tiles.OpenAppTwoTileService,Service,8,2
com.asdoi.quicktiles.apk,f.b.a.o.h,Service,8,2
com.asdoi.quicktiles.apk,com.asdoi.quicksettings.intent_tiles.OpenNotificationLogTileService,Service,8,2
com.asdoi.quicktiles.apk,f.b.a.o.c,Service,8,2
com.asdoi.quicktiles.apk,com.asdoi.quicksettings.tiles.AnimatorDurationTileService,Service,8,2
com.asdoi.quicktiles.apk,com.asdoi.quicksettings.intent_tiles.OpenFilesTileService,Service,8,2
com.asdoi.quicktiles.apk,com.asdoi.quicksettings.tiles.DemoModeTileService,Service,8,2
com.asdoi.quicktiles.apk,com.asdoi.quicksettings.tiles.CounterTileService,Service,8,2
com.asdoi.quicktiles.apk,com.asdoi.quicksettings.tiles.UsbDebuggingTileService,Service,8,2
com.asdoi.quicktiles.apk,com.asdoi.quicksettings.intent_tiles.OpenDataUsageTileService,Service,8,2
com.asdoi.quicktiles.apk,com.asdoi.quicksettings.intent_tiles.NewTimerTileService,Service,8,2
com.asdoi.quicktiles.apk,com.asdoi.quicksettings.intent_tiles.OpenSettingsSearchTileService,Service,8,2
com.asdoi.quicktiles.apk,e.m.p,Fragment,9,5
com.asdoi.quicktiles.apk,com.asdoi.quicksettings.tiles.AdaptiveBrightnessTileService,Service,8,2
com.asdoi.quicktiles.apk,f.b.a.o.b,Service,8,2
com.asdoi.quicktiles.apk,f.b.a.n,Fragment,0,0
com.asdoi.quicktiles.apk,e.h.a.d,Activity,4,1
com.asdoi.quicktiles.apk,e.o.a,Fragment,0,0
com.asdoi.quicktiles.apk,com.asdoi.quicksettings.tiles.DoNotDisturbSwitchTileService,Service,8,2
com.asdoi.quicktiles.apk,com.asdoi.quicksettings.intent_tiles.NextSongTileService,Service,8,2
com.asdoi.quicktiles.apk,com.asdoi.quicksettings.intent_tiles.OpenPrivacyTileService,Service,8,2
com.asdoi.quicktiles.apk,e.b.a.g,Activity,4,1
com.asdoi.quicktiles.apk,com.asdoi.quicksettings.tiles.VibrateCallsTileService,Service,8,2
com.asdoi.quicktiles.apk,com.asdoi.quicksettings.intent_tiles.BatteryTileService,Service,8,2
com.asdoi.quicktiles.apk,com.asdoi.quicksettings.intent_tiles.PlayPauseTileService,Service,8,2
com.asdoi.quicktiles.apk,com.asdoi.quicksettings.tiles.ShowTapsTileService,Service,8,2
com.asdoi.quicktiles.apk,com.asdoi.quicksettings.tiles.GrayscaleTileService,Service,8,2
com.asdoi.quicktiles.apk,e.b.a.j$f$a,Receiver,2,2
com.asdoi.quicktiles.apk,com.asdoi.quicksettings.tiles.BrightnessTileService,Service,8,2
com.asdoi.quicktiles.apk,com.asdoi.quicksettings.intent_tiles.OpenCalculatorTileService,Service,8,2
com.asdoi.quicktiles.apk,com.asdoi.quicksettings.intent_tiles.OpenAppFiveTileService,Service,8,2
com.asdoi.quicktiles.apk,f.d.a.a.k.o,Fragment,0,0
com.asdoi.quicktiles.apk,com.asdoi.quicksettings.intent_tiles.OpenDisplayTileService,Service,8,2
com.asdoi.quicktiles.apk,e.k.a.c,Fragment,0,0
com.asdoi.quicktiles.apk,e.k.a.e,Activity,4,1
com.asdoi.quicktiles.apk,com.asdoi.quicksettings.tiles.ScreenTimeoutTileService,Service,8,2
com.asdoi.quicktiles.apk,com.asdoi.quicksettings.utils.CustomAccessibilityService,Service,8,2
com.asdoi.quicktiles.apk,com.asdoi.quicksettings.accessibility_tiles.ScreenshotTileService,Service,8,2
com.asdoi.quicktiles.apk,f.d.a.a.k.x,Fragment,0,0
com.gimranov.zandy.app.apk,com.gimranov.zandy.app.NoteActivity,Activity,4,1
com.gimranov.zandy.app.apk,com.gimranov.zandy.app.DrawerNavigationActivity,Activity,4,1
com.gimranov.zandy.app.apk,com.gimranov.zandy.app.ItemActivity,Activity,4,1
com.gimranov.zandy.app.apk,com.gimranov.zandy.app.LookupActivity,Activity,4,1
com.gimranov.zandy.app.apk,com.gimranov.zandy.app.CollectionActivity,Activity,4,1
com.gimranov.zandy.app.apk,com.gimranov.zandy.app.AttachmentActivity,Activity,4,1
com.gimranov.zandy.app.apk,com.gimranov.zandy.app.MainActivity,Activity,4,1
com.gimranov.zandy.app.apk,com.gimranov.zandy.app.CollectionMembershipActivity,Activity,4,1
com.gimranov.zandy.app.apk,com.gimranov.zandy.app.CreatorActivity,Activity,4,1
com.gimranov.zandy.app.apk,com.gimranov.zandy.app.RequestActivity,Activity,4,1
com.gimranov.zandy.app.apk,com.gimranov.zandy.app.ItemDataActivity,Activity,4,1
com.gimranov.zandy.app.apk,com.gimranov.zandy.app.TagActivity,Activity,4,1
com.gimranov.zandy.app.apk,com.gimranov.zandy.app.SettingsActivity,Activity,4,1
com.mobile.bummerzaehler.apk,com.mobile.bummerzaehler.ThreePlayerStartActivity,Activity,4,1
com.mobile.bummerzaehler.apk,com.mobile.bummerzaehler.FourPlayerStartActivity,Activity,4,1
com.mobile.bummerzaehler.apk,com.mobile.bummerzaehler.TwoPlayerActivity,Activity,4,1
com.mobile.bummerzaehler.apk,com.mobile.bummerzaehler.ThreePlayerActivity,Activity,4,1
com.mobile.bummerzaehler.apk,com.mobile.bummerzaehler.ParentActivity,Activity,4,1
com.mobile.bummerzaehler.apk,com.mobile.bummerzaehler.FourPlayerActivity,Activity,4,1
com.mobile.bummerzaehler.apk,com.mobile.bummerzaehler.MainActivity,Activity,4,1
com.mobile.bummerzaehler.apk,com.mobile.bummerzaehler.TwoPlayerStartActivity,Activity,4,1
com.mobile.bummerzaehler.apk,com.mobile.bummerzaehler.CreatePlayerActivity,Activity,4,1
com.mobile.bummerzaehler.apk,com.mobile.bummerzaehler.HistoryActivity,Activity,4,1
com.mobile.bummerzaehler.apk,com.mobile.bummerzaehler.OptionsActivity,Activity,4,1
com.mobile.bummerzaehler.apk,com.mobile.bummerzaehler.PlayersActivity,Activity,4,1
com.tuyafeng.watt.apk,g.n.x,Fragment,9,5
com.tuyafeng.watt.apk,g.h.b.f,Activity,4,1
com.tuyafeng.watt.apk,g.b.c.m$g$a,Receiver,2,2
com.tuyafeng.watt.apk,g.l.b.o,Activity,4,1
com.tuyafeng.watt.apk,com.tuyafeng.watt.Main,Activity,4,1
com.tuyafeng.watt.apk,g.b.c.j,Activity,4,1
com.uberspot.a2048_25.apk,com.uberspot.a2048.MainActivity,Activity,4,1
jp.takke.cpustats.apk,f.i.b.p,Activity,4,1
jp.takke.cpustats.apk,f.f.b.i,Activity,4,1
jp.takke.cpustats.apk,f.b.c.l,Activity,4,1
jp.takke.cpustats.apk,jp.takke.cpustats.UsageUpdateService$mReceiver$1,Receiver,2,2
jp.takke.cpustats.apk,jp.takke.cpustats.UsageUpdateService,Service,8,2
jp.takke.cpustats.apk,jp.takke.cpustats.AboutActivity,Activity,4,1
jp.takke.cpustats.apk,f.k.q,Fragment,9,5
jp.takke.cpustats.apk,f.b.c.o$g$a,Receiver,2,2
jp.takke.cpustats.apk,jp.takke.cpustats.PreviewActivity,Activity,4,1
jp.takke.cpustats.apk,jp.takke.cpustats.ConfigActivity,Activity,4,1
jp.takke.cpustats.apk,jp.takke.cpustats.BootReceiver,Receiver,2,2
net.gitsaibot.af.apk,net.gitsaibot.af.AixService,Service,8,2
net.gitsaibot.af.apk,net.gitsaibot.af.AixConfigure,Activity,4,1
net.gitsaibot.af.apk,net.gitsaibot.af.AixWidget,Receiver,2,2
net.gitsaibot.af.apk,net.gitsaibot.af.AixLocationSelectionActivity,Activity,4,1
net.gitsaibot.af.apk,net.gitsaibot.af.AixProvider,Provider,0,0
net.gitsaibot.af.apk,net.gitsaibot.af.AixServiceReceiver,Receiver,2,2
net.gitsaibot.af.apk,net.gitsaibot.af.AixIntro,Activity,4,1
net.gitsaibot.af.apk,net.gitsaibot.af.AixDeviceProfileActivity,Activity,4,1
xyz.myachin.downloader.apk,b.w.v.q.f.e$a,Receiver,2,2
xyz.myachin.downloader.apk,xyz.myachin.downloader.ui.SettingsActivity$a,Fragment,0,0
xyz.myachin.downloader.apk,b.o.d,Fragment,0,0
xyz.myachin.downloader.apk,xyz.myachin.downloader.ui.share.SharingActivity,Activity,4,1
xyz.myachin.downloader.apk,b.b.c.g,Activity,4,1
xyz.myachin.downloader.apk,c.b.a.a.m.x,Fragment,0,0
xyz.myachin.downloader.apk,xyz.myachin.downloader.ui.share.ProxySharingActivity,Activity,4,1
xyz.myachin.downloader.apk,b.o.f,Fragment,0,0
xyz.myachin.downloader.apk,xyz.myachin.downloader.ui.DisableIconActivity,Activity,4,1
xyz.myachin.downloader.apk,xyz.myachin.downloader.receivers.DownManNotifyReceiver,Receiver,2,2
xyz.myachin.downloader.apk,c.b.a.a.m.o,Fragment,0,0
xyz.myachin.downloader.apk,b.w.v.q.f.c$a,Receiver,2,2
xyz.myachin.downloader.apk,b.o.e,Fragment,0,0
xyz.myachin.downloader.apk,b.m.q,Fragment,9,5
xyz.myachin.downloader.apk,b.k.b.e,Activity,4,1
xyz.myachin.downloader.apk,b.o.a,Fragment,0,0
xyz.myachin.downloader.apk,xyz.myachin.downloader.ui.SettingsActivity,Activity,4,1
xyz.myachin.downloader.apk,b.b.c.j$f$a,Receiver,2,2
xyz.myachin.downloader.apk,b.h.b.f,Activity,4,1
xyz.myachin.downloader.apk,b.k.b.c,Fragment,0,0
xyz.myachin.downloader.apk,b.o.c,Fragment,0,0
xyz.myachin.downloader.apk,b.m.k,Service,8,2
xyz.myachin.downloader.apk,c.b.a.a.m.r,Fragment,0,0
xyz.myachin.downloader.apk,c.b.a.a.m.g,Fragment,0,0
appnewnessoflifefellowshiporg.wpapp.apk,com.google.android.gms.common.api.GoogleApiActivity,Activity,4,1
appnewnessoflifefellowshiporg.wpapp.apk,b.a.b.c$e,Receiver,2,2
appnewnessoflifefellowshiporg.wpapp.apk,com.google.android.gms.common.api.internal.zzc,Fragment,0,0
appnewnessoflifefellowshiporg.wpapp.apk,com.google.firebase.iid.y$a,Receiver,2,2
appnewnessoflifefellowshiporg.wpapp.apk,com.google.android.datatransport.runtime.backends.TransportBackendDiscovery,Service,8,2
appnewnessoflifefellowshiporg.wpapp.apk,agency.aic.wpapp.MyFirebaseMessagingService,Service,8,2
appnewnessoflifefellowshiporg.wpapp.apk,com.google.firebase.provider.FirebaseInitProvider,Provider,0,0
appnewnessoflifefellowshiporg.wpapp.apk,com.google.firebase.messaging.c0$a,Receiver,2,2
appnewnessoflifefellowshiporg.wpapp.apk,com.google.android.gms.common.ErrorDialogFragment,Fragment,9,5
appnewnessoflifefellowshiporg.wpapp.apk,com.google.firebase.iid.FirebaseInstanceIdReceiver,Receiver,2,2
appnewnessoflifefellowshiporg.wpapp.apk,com.google.android.gms.common.api.internal.zza,Fragment,9,5
appnewnessoflifefellowshiporg.wpapp.apk,b.a.c.s.a.g$b,Receiver,2,2
appnewnessoflifefellowshiporg.wpapp.apk,com.google.android.datatransport.runtime.scheduling.jobscheduling.AlarmManagerSchedulerBroadcastReceiver,Receiver,2,2
appnewnessoflifefellowshiporg.wpapp.apk,com.google.android.gms.cloudmessaging.CloudMessagingReceiver,Receiver,2,2
appnewnessoflifefellowshiporg.wpapp.apk,com.google.firebase.messaging.FirebaseMessagingService,Service,8,2
appnewnessoflifefellowshiporg.wpapp.apk,com.google.android.gms.common.SupportErrorDialogFragment,Fragment,0,0
appnewnessoflifefellowshiporg.wpapp.apk,com.google.firebase.messaging.g,Service,8,2
appnewnessoflifefellowshiporg.wpapp.apk,agency.aic.wpapp.SpeedActivity,Activity,4,1
appnewnessoflifefellowshiporg.wpapp.apk,com.google.android.gms.common.api.internal.zabq,Receiver,2,2
appnewnessoflifefellowshiporg.wpapp.apk,com.google.firebase.components.ComponentDiscoveryService,Service,8,2
appnewnessoflifefellowshiporg.wpapp.apk,com.google.android.datatransport.runtime.scheduling.jobscheduling.JobInfoSchedulerService,Service,8,2
appnewnessoflifefellowshiporg.wpapp.apk,com.journeyapps.barcodescanner.CaptureActivity,Activity,4,1
com.alb.plusapp.apk,com.alb.plusapp.MainActivity,Activity,4,1
com.e.ulillgo.apk,com.e.ulillgo.MainActivity,Activity,4,1
com.e.ulillgo.apk,com.e.ulillgo.ui.main.MainFragment,Fragment,9,5
com.pinayromances.twa.en.apk,com.pinayromances.twa.en.LauncherActivity,Activity,4,1
com.pinayromances.twa.en.apk,com.google.androidbrowserhelper.trusted.FocusActivity,Activity,4,1
com.pinayromances.twa.en.apk,com.pinayromances.twa.en.DelegationService,Service,8,2
com.pinayromances.twa.en.apk,c.a.a.a.b.j,Fragment,0,0
com.pinayromances.twa.en.apk,com.google.android.gms.common.api.internal.y0,Receiver,2,2
com.pinayromances.twa.en.apk,com.google.androidbrowserhelper.trusted.ManageDataLauncherActivity,Activity,4,1
com.pinayromances.twa.en.apk,com.google.android.gms.common.api.GoogleApiActivity,Activity,4,1
com.pinayromances.twa.en.apk,b.c.c.l,Service,8,2
com.pinayromances.twa.en.apk,com.google.androidbrowserhelper.trusted.n,Activity,4,1
com.pinayromances.twa.en.apk,com.google.androidbrowserhelper.trusted.WebViewFallbackActivity,Activity,4,1
com.pinayromances.twa.en.apk,c.a.a.a.b.b,Fragment,9,5
com.pinayromances.twa.en.apk,com.google.androidbrowserhelper.locationdelegation.PermissionRequestActivity,Activity,4,1
com.pinayromances.twa.en.apk,com.google.androidbrowserhelper.trusted.l,Service,8,2
f.fajrak.barbatstudio.smartturnv2.apk,f.fajrak.barbatstudio.smartturnv2.MainActivity,Activity,4,1
f.fajrak.barbatstudio.smartturnv2.apk,com.google.android.datatransport.runtime.backends.TransportBackendDiscovery,Service,8,2
f.fajrak.barbatstudio.smartturnv2.apk,b.b.b.c$e,Receiver,2,2
f.fajrak.barbatstudio.smartturnv2.apk,com.google.firebase.messaging.b0$a,Receiver,2,2
f.fajrak.barbatstudio.smartturnv2.apk,com.google.firebase.provider.FirebaseInitProvider,Provider,0,0
f.fajrak.barbatstudio.smartturnv2.apk,io.flutter.plugins.imagepicker.ImagePickerFileProvider,Provider,0,0
f.fajrak.barbatstudio.smartturnv2.apk,com.google.firebase.messaging.g,Service,8,2
f.fajrak.barbatstudio.smartturnv2.apk,io.flutter.plugins.firebasemessaging.FlutterFirebaseMessagingService,Service,8,2
f.fajrak.barbatstudio.smartturnv2.apk,a.d.e.b,Provider,0,0
f.fajrak.barbatstudio.smartturnv2.apk,com.yalantis.ucrop.UCropActivity,Activity,4,1
f.fajrak.barbatstudio.smartturnv2.apk,com.google.firebase.iid.FirebaseInstanceIdReceiver,Receiver,2,2
f.fajrak.barbatstudio.smartturnv2.apk,com.google.android.gms.common.api.GoogleApiActivity,Activity,4,1
f.fajrak.barbatstudio.smartturnv2.apk,com.google.firebase.components.ComponentDiscoveryService,Service,8,2
f.fajrak.barbatstudio.smartturnv2.apk,io.flutter.plugins.urllauncher.WebViewActivity,Activity,4,1
f.fajrak.barbatstudio.smartturnv2.apk,com.google.firebase.iid.s0$a,Receiver,2,2
f.fajrak.barbatstudio.smartturnv2.apk,com.google.android.datatransport.runtime.scheduling.jobscheduling.AlarmManagerSchedulerBroadcastReceiver,Receiver,2,2
f.fajrak.barbatstudio.smartturnv2.apk,b.b.a.b.b.b,Fragment,9,5
f.fajrak.barbatstudio.smartturnv2.apk,io.flutter.plugins.firebasemessaging.a,Receiver,2,2
f.fajrak.barbatstudio.smartturnv2.apk,io.flutter.embedding.android.d,Activity,4,1
f.fajrak.barbatstudio.smartturnv2.apk,b.b.a.b.b.j,Fragment,0,0
f.fajrak.barbatstudio.smartturnv2.apk,com.google.firebase.messaging.FirebaseMessagingService,Service,8,2
f.fajrak.barbatstudio.smartturnv2.apk,com.google.android.datatransport.runtime.scheduling.jobscheduling.JobInfoSchedulerService,Service,8,2
f.fajrak.barbatstudio.smartturnv2.apk,io.flutter.plugins.urllauncher.WebViewActivity$a,Receiver,2,2
it.discorsionline.discorsi.apk,com.onesignal.BootUpReceiver,Receiver,2,2
it.discorsionline.discorsi.apk,com.onesignal.RestoreKickoffJobService,Service,8,2
it.discorsionline.discorsi.apk,com.google.android.gms.stats.GCoreWakefulBroadcastReceiver,Receiver,2,2
it.discorsionline.discorsi.apk,com.google.firebase.provider.FirebaseInitProvider,Provider,0,0
it.discorsionline.discorsi.apk,com.onesignal.NotificationRestoreService,Service,8,2
it.discorsionline.discorsi.apk,com.google.android.gms.common.SupportErrorDialogFragment,Fragment,9,5
it.discorsionline.discorsi.apk,com.onesignal.PermissionsActivity,Activity,4,1
it.discorsionline.discorsi.apk,com.google.android.gms.common.api.internal.zza,Fragment,9,5
it.discorsionline.discorsi.apk,com.google.android.gms.common.api.GoogleApiActivity,Activity,4,1
it.discorsionline.discorsi.apk,com.onesignal.OneSignalJobServiceBase,Service,8,2
it.discorsionline.discorsi.apk,com.google.android.gms.common.api.internal.zabq,Receiver,2,2
it.discorsionline.discorsi.apk,com.onesignal.UpgradeReceiver,Receiver,2,2
it.discorsionline.discorsi.apk,com.onesignal.JobIntentService,Service,8,2
it.discorsionline.discorsi.apk,com.onesignal.NotificationOpenedActivityHMS,Activity,4,1
it.discorsionline.discorsi.apk,com.google.firebase.iid.FirebaseInstanceIdReceiver,Receiver,2,2
it.discorsionline.discorsi.apk,com.onesignal.GcmIntentJobService,Service,8,2
it.discorsionline.discorsi.apk,com.google.firebase.iid.zzaz,Receiver,2,2
it.discorsionline.discorsi.apk,com.google.android.gms.common.ErrorDialogFragment,Fragment,9,5
it.discorsionline.discorsi.apk,com.onesignal.RestoreJobService,Service,8,2
it.discorsionline.discorsi.apk,com.onesignal.NotificationExtenderService,Service,8,2
it.discorsionline.discorsi.apk,com.onesignal.NotificationOpenedReceiver,Receiver,2,2
it.discorsionline.discorsi.apk,com.onesignal.GcmIntentService,Service,8,2
it.discorsionline.discorsi.apk,com.google.firebase.messaging.FirebaseMessagingService,Service,8,2
it.discorsionline.discorsi.apk,com.posturadapaura.app.MainActivity,Activity,4,1
it.discorsionline.discorsi.apk,com.google.firebase.iid.FirebaseInstanceIdService,Service,8,2
it.discorsionline.discorsi.apk,com.google.firebase.FirebaseApp$zzc,Receiver,2,2
it.discorsionline.discorsi.apk,com.onesignal.NotificationOpenedActivity,Activity,4,1
it.discorsionline.discorsi.apk,com.onesignal.SyncJobService,Service,8,2
it.discorsionline.discorsi.apk,com.google.android.gms.common.api.internal.zzc,Fragment,9,5
it.discorsionline.discorsi.apk,com.onesignal.GcmBroadcastReceiver,Receiver,2,2
it.discorsionline.discorsi.apk,com.onesignal.SyncService,Service,8,2
it.discorsionline.discorsi.apk,com.google.firebase.iid.zzb,Service,8,2
it.discorsionline.discorsi.apk,com.google.firebase.components.ComponentDiscoveryService,Service,8,2
kick.wpapp.apk,com.journeyapps.barcodescanner.CaptureActivity,Activity,4,1
kick.wpapp.apk,com.google.android.gms.common.api.internal.zza,Fragment,9,5
kick.wpapp.apk,com.google.android.gms.common.api.internal.zzc,Fragment,0,0
kick.wpapp.apk,com.google.android.datatransport.runtime.scheduling.jobscheduling.JobInfoSchedulerService,Service,8,2
kick.wpapp.apk,agency.aic.wpapp.StartActivity,Activity,4,1
kick.wpapp.apk,b.a.b.s.a.g$b,Receiver,2,2
kick.wpapp.apk,com.google.android.gms.common.SupportErrorDialogFragment,Fragment,0,0
kick.wpapp.apk,com.google.android.gms.common.api.GoogleApiActivity,Activity,4,1
kick.wpapp.apk,com.google.firebase.components.ComponentDiscoveryService,Service,8,2
kick.wpapp.apk,com.google.android.gms.stats.GCoreWakefulBroadcastReceiver,Receiver,2,2
kick.wpapp.apk,com.google.android.datatransport.runtime.scheduling.jobscheduling.AlarmManagerSchedulerBroadcastReceiver,Receiver,2,2
kick.wpapp.apk,com.google.android.datatransport.runtime.backends.TransportBackendDiscovery,Service,8,2
kick.wpapp.apk,com.google.firebase.provider.FirebaseInitProvider,Provider,0,0
kick.wpapp.apk,com.google.firebase.messaging.FirebaseMessagingService,Service,8,2
kick.wpapp.apk,com.google.firebase.c$e,Receiver,2,2
kick.wpapp.apk,com.google.firebase.messaging.g,Service,8,2
kick.wpapp.apk,com.google.android.gms.common.api.internal.zabq,Receiver,2,2
kick.wpapp.apk,agency.aic.wpapp.MyFirebaseMessagingService,Service,8,2
kick.wpapp.apk,com.google.android.gms.cloudmessaging.CloudMessagingReceiver,Receiver,2,2
kick.wpapp.apk,com.google.android.gms.common.ErrorDialogFragment,Fragment,9,5
kick.wpapp.apk,com.google.firebase.messaging.d0$a,Receiver,2,2
kick.wpapp.apk,com.google.firebase.iid.FirebaseInstanceIdReceiver,Receiver,2,2
kick.wpapp.apk,com.google.firebase.iid.y$a,Receiver,2,2
kick.wpapp.apk,agency.aic.wpapp.SpeedActivity,Activity,4,1
kr.ieodo.apk,kr.ieodo.MainActivity,Activity,4,1
kr.ieodo.apk,kr.ieodo.MainActivity_,Activity,4,1
net.easyjoin.zipnship.apk,net.easyjoin.zipnship.activity.UnzipActivity,Activity,4,1
net.easyjoin.zipnship.apk,a.b.c.k$g$a,Receiver,2,2
net.easyjoin.zipnship.apk,net.easyjoin.zipnship.activity.MainActivity,Activity,4,1
net.easyjoin.zipnship.apk,c.a.a.a,Activity,4,1
net.easyjoin.zipnship.apk,a.i.a.d,Activity,4,1
net.easyjoin.zipnship.apk,a.b.c.h,Activity,4,1
net.easyjoin.zipnship.apk,a.k.o,Fragment,9,5
net.easyjoin.zipnship.apk,net.easyjoin.zipnship.activity.ZipActivity,Activity,4,1
net.easyjoin.zipnship.apk,a.e.b.g,Activity,4,1
usd.aleavt.usd.apk,usd.aleavt.usd.Second1Activity,Activity,4,1
usd.aleavt.usd.apk,usd.aleavt.usd.SecondActivity,Activity,4,1
usd.aleavt.usd.apk,usd.aleavt.usd.MainActivity,Activity,4,1
antennapod.apk,de.danoeh.antennapod.ui.screen.playback.audio.CoverFragment,Fragment,9,5
antennapod.apk,de.danoeh.antennapod.ui.screen.playback.audio.AudioPlayerFragment,Fragment,9,5
antennapod.apk,de.danoeh.antennapod.activity.MainActivity,Activity,4,1
antennapod.apk,de.danoeh.antennapod.ui.screen.playback.PlaybackSpeedDialogActivity,Activity,4,1
antennapod.apk,de.danoeh.antennapod.ui.screen.episode.ItemFragment,Fragment,9,5
antennapod.apk,de.danoeh.antennapod.ui.screen.AllEpisodesFragment,Fragment,9,5
antennapod.apk,de.danoeh.antennapod.ui.preferences.screen.NotificationPreferencesFragment,Fragment,9,5
antennapod.apk,de.danoeh.antennapod.ui.screen.playback.PlaybackControlsDialog,Fragment,9,5
antennapod.apk,de.danoeh.antennapod.activity.OpmlImportActivity,Activity,4,1
antennapod.apk,de.danoeh.antennapod.ui.screen.drawer.NavDrawerFragment,Fragment,9,5
antennapod.apk,de.danoeh.antennapod.ui.preferences.screen.about.DevelopersFragment,Fragment,9,5
antennapod.apk,de.danoeh.antennapod.ui.screen.SearchFragment,Fragment,9,5
antennapod.apk,de.danoeh.antennapod.ui.screen.home.sections.SubscriptionsSection,Fragment,9,5
antennapod.apk,de.danoeh.antennapod.ui.AllEpisodesFilterDialog,Fragment,9,5
antennapod.apk,de.danoeh.antennapod.ui.statistics.years.YearsStatisticsFragment,Fragment,9,5
antennapod.apk,de.danoeh.antennapod.playback.service.PlaybackService$5,Receiver,2,2
antennapod.apk,de.danoeh.antennapod.ui.preferences.screen.synchronization.GpodderAuthenticationFragment,Fragment,9,5
antennapod.apk,com.bytehamster.lib.preferencesearch.SearchPreferenceFragment,Fragment,9,5
antennapod.apk,de.danoeh.antennapod.ui.screen.episode.ItemPagerFragment,Fragment,9,5
antennapod.apk,de.danoeh.antennapod.ui.widget.PlayerWidget,Receiver,2,2
antennapod.apk,de.danoeh.antennapod.ui.screen.download.DownloadLogDetailsDialog,Fragment,9,5
antennapod.apk,de.danoeh.antennapod.ui.discovery.QuickFeedDiscoveryFragment,Fragment,9,5
antennapod.apk,de.danoeh.antennapod.ui.screen.preferences.DownloadsPreferencesFragment,Fragment,9,5
antennapod.apk,de.danoeh.antennapod.ui.common.ToolbarActivity,Activity,4,1
antennapod.apk,de.danoeh.antennapod.playback.service.QuickSettingsTileService,Service,8,2
antennapod.apk,de.danoeh.antennapod.ui.screen.feed.FeedInfoFragment,Fragment,9,5
antennapod.apk,de.danoeh.antennapod.ui.screen.queue.QueueFragment,Fragment,9,5
antennapod.apk,de.danoeh.antennapod.ui.preferences.screen.about.LicensesFragment,Fragment,9,5
antennapod.apk,com.bumptech.glide.manager.SingletonConnectivityReceiver$FrameworkConnectivityMonitorPreApi24$1,Receiver,2,2
antennapod.apk,de.danoeh.antennapod.ui.screen.playback.SleepTimerDialog,Fragment,9,5
antennapod.apk,de.danoeh.antennapod.net.download.service.feed.FeedUpdateReceiver,Receiver,2,2
antennapod.apk,de.danoeh.antennapod.ui.screen.preferences.AutomaticDeletionPreferencesFragment,Fragment,9,5
antennapod.apk,de.danoeh.antennapod.ui.screen.playback.PlaybackSpeedDialogActivity$InnerVariableSpeedDialog,Fragment,9,5
antennapod.apk,de.danoeh.antennapod.ui.common.AnimatedFragment,Fragment,9,5
antennapod.apk,de.danoeh.antennapod.ui.screen.feed.FeedItemlistFragment,Fragment,9,5
antennapod.apk,de.danoeh.antennapod.ui.episodeslist.EpisodesListFragment,Fragment,9,5
antennapod.apk,de.danoeh.antennapod.ui.screen.feed.RemoveFeedDialog,Fragment,9,5
antennapod.apk,de.danoeh.antennapod.ui.screen.playback.audio.ExternalPlayerFragment,Fragment,9,5
antennapod.apk,de.danoeh.antennapod.ui.statistics.downloads.DownloadStatisticsFragment,Fragment,9,5
antennapod.apk,de.danoeh.antennapod.ui.screen.playback.video.VideoplayerActivity,Activity,4,1
antennapod.apk,de.danoeh.antennapod.ui.preferences.screen.AutoDownloadPreferencesFragment,Fragment,9,5
antennapod.apk,de.danoeh.antennapod.ui.discovery.OnlineSearchFragment,Fragment,9,5
antennapod.apk,de.danoeh.antennapod.ui.statistics.StatisticsFragment,Fragment,9,5
antennapod.apk,de.danoeh.antennapod.ui.screen.subscriptions.SubscriptionsFilterDialog,Fragment,9,5
antennapod.apk,de.danoeh.antennapod.playback.cast.CastEnabledActivity,Activity,4,1
antennapod.apk,de.danoeh.antennapod.ui.screen.preferences.PreferenceActivity,Activity,4,1
antennapod.apk,de.danoeh.antennapod.ui.screen.download.DownloadLogFragment,Fragment,9,5
antennapod.apk,com.google.android.material.datepicker.MaterialDatePicker,Fragment,9,5
antennapod.apk,de.danoeh.antennapod.ui.screen.InboxFragment,Fragment,9,5
antennapod.apk,de.danoeh.antennapod.ui.screen.AllEpisodesFragment$AllEpisodesSortDialog,Fragment,9,5
antennapod.apk,de.danoeh.antennapod.ui.common.PagedToolbarFragment,Fragment,9,5
antennapod.apk,com.google.android.material.datepicker.MaterialCalendar,Fragment,9,5
antennapod.apk,com.google.android.material.datepicker.PickerFragment,Fragment,9,5
antennapod.apk,de.danoeh.antennapod.ui.screen.preferences.SwipePreferencesFragment,Fragment,9,5
antennapod.apk,de.danoeh.antennapod.ui.screen.home.sections.EchoSection,Fragment,9,5
antennapod.apk,de.danoeh.antennapod.ui.screen.playback.TranscriptDialogFragment,Fragment,9,5
antennapod.apk,de.danoeh.antennapod.playback.service.PlaybackController$3,Receiver,2,2
antennapod.apk,de.danoeh.antennapod.ui.screen.playback.VariableSpeedDialog,Fragment,9,5
antennapod.apk,de.danoeh.antennapod.ui.screen.feed.preferences.FeedSettingsPreferenceFragment,Fragment,9,5
antennapod.apk,de.danoeh.antennapod.ui.preferences.screen.synchronization.NextcloudAuthenticationFragment,Fragment,9,5
antennapod.apk,de.danoeh.antennapod.ui.screen.InboxFragment$InboxSortDialog,Fragment,9,5
antennapod.apk,de.danoeh.antennapod.ui.echo.EchoActivity,Activity,4,1
antennapod.apk,de.danoeh.antennapod.ui.screen.download.CompletedDownloadsFragment$DownloadsSortDialog,Fragment,9,5
antennapod.apk,de.danoeh.antennapod.net.download.service.ConnectivityActionReceiver,Receiver,2,2
antennapod.apk,de.danoeh.antennapod.ui.screen.chapter.ChaptersFragment,Fragment,9,5
antennapod.apk,de.danoeh.antennapod.playback.service.PlaybackController$2,Receiver,2,2
antennapod.apk,de.danoeh.antennapod.ui.widget.WidgetConfigActivity,Activity,4,1
antennapod.apk,com.google.android.material.bottomsheet.BottomSheetDialogFragment,Fragment,9,5
antennapod.apk,de.danoeh.antennapod.ui.screen.home.HomeSection,Fragment,9,5
antennapod.apk,de.danoeh.antennapod.ui.screen.playback.audio.ItemDescriptionFragment,Fragment,9,5
antennapod.apk,de.danoeh.antennapod.ui.discovery.DiscoveryFragment,Fragment,9,5
antennapod.apk,de.danoeh.antennapod.ui.preferences.screen.synchronization.SynchronizationPreferencesFragment,Fragment,9,5
antennapod.apk,de.danoeh.antennapod.ui.screen.preferences.ImportExportPreferencesFragment,Fragment,9,5
antennapod.apk,de.danoeh.antennapod.ui.screen.home.sections.DownloadsSection,Fragment,9,5
antennapod.apk,de.danoeh.antennapod.ui.screen.subscriptions.SubscriptionFragment,Fragment,9,5
antennapod.apk,de.danoeh.antennapod.ui.statistics.subscriptions.SubscriptionStatisticsFragment,Fragment,9,5
antennapod.apk,de.danoeh.antennapod.ui.screen.preferences.UserInterfacePreferencesFragment,Fragment,9,5
antennapod.apk,com.google.android.material.datepicker.MaterialTextInputPicker,Fragment,9,5
antennapod.apk,de.danoeh.antennapod.ui.preferences.screen.AnimatedPreferenceFragment,Fragment,9,5
antennapod.apk,de.danoeh.antennapod.ui.screen.feed.FeedItemlistFragment$RemoveFeedDialogClose,Fragment,9,5
antennapod.apk,de.danoeh.antennapod.ui.screen.preferences.PlaybackPreferencesFragment,Fragment,9,5
antennapod.apk,de.danoeh.antennapod.ui.preferences.screen.about.SpecialThanksFragment,Fragment,9,5
antennapod.apk,de.danoeh.antennapod.ui.screen.feed.ItemFilterDialog,Fragment,9,5
antennapod.apk,de.danoeh.antennapod.ui.screen.feed.preferences.FeedSettingsFragment,Fragment,9,5
antennapod.apk,de.danoeh.antennapod.ui.screen.AddFeedFragment,Fragment,9,5
antennapod.apk,de.danoeh.antennapod.playback.service.PlaybackService$6,Receiver,2,2
antennapod.apk,de.danoeh.antennapod.ui.screen.home.sections.EpisodesSurpriseSection,Fragment,9,5
antennapod.apk,de.danoeh.antennapod.ui.statistics.feed.FeedStatisticsDialogFragment,Fragment,9,5
antennapod.apk,de.danoeh.antennapod.ui.screen.subscriptions.EpisodeListGlobalDefaultSortDialog,Fragment,9,5
antennapod.apk,de.danoeh.antennapod.ui.preferences.screen.about.TranslatorsFragment,Fragment,9,5
antennapod.apk,de.danoeh.antennapod.ui.screen.feed.SingleFeedSortDialog,Fragment,9,5
antennapod.apk,de.danoeh.antennapod.ui.screen.home.HomeFragment,Fragment,9,5
antennapod.apk,de.danoeh.antennapod.ui.screen.queue.QueueFragment$QueueSortDialog,Fragment,9,5
antennapod.apk,de.danoeh.antennapod.ui.FeedItemFilterDialog,Fragment,9,5
antennapod.apk,de.danoeh.antennapod.ui.preferences.screen.about.AboutFragment,Fragment,9,5
antennapod.apk,de.danoeh.antennapod.ui.screen.preferences.MainPreferencesFragment,Fragment,9,5
antennapod.apk,de.danoeh.antennapod.playback.service.PlaybackService$4,Receiver,2,2
antennapod.apk,de.danoeh.antennapod.ui.screen.onlinefeedview.OnlineFeedViewActivity,Activity,4,1
antennapod.apk,de.danoeh.antennapod.activity.SplashActivity,Activity,4,1
antennapod.apk,de.danoeh.antennapod.ui.share.ShareDialog,Fragment,9,5
antennapod.apk,de.danoeh.antennapod.ui.screen.feed.ItemSortDialog,Fragment,9,5
antennapod.apk,de.danoeh.antennapod.ui.preferences.screen.about.ContributorsPagerFragment,Fragment,9,5
antennapod.apk,de.danoeh.antennapod.ui.screen.drawer.NavDrawerFragment$RemoveFeedDialogClose,Fragment,9,5
antennapod.apk,de.danoeh.antennapod.ui.screen.home.sections.QueueSection,Fragment,9,5
antennapod.apk,de.danoeh.antennapod.ui.preferences.screen.bugreport.BugReportFragment,Fragment,9,5
antennapod.apk,de.danoeh.antennapod.ui.screen.rating.RatingDialogFragment,Fragment,9,5
antennapod.apk,de.danoeh.antennapod.playback.service.MediaButtonReceiver,Receiver,2,2
antennapod.apk,de.danoeh.antennapod.ui.screen.download.CompletedDownloadsFragment,Fragment,9,5
antennapod.apk,de.danoeh.antennapod.playback.service.PlaybackService$7,Receiver,2,2
antennapod.apk,de.danoeh.antennapod.ui.screen.feed.preferences.TagSettingsDialog,Fragment,9,5
antennapod.apk,de.danoeh.antennapod.ui.statistics.feed.FeedStatisticsFragment,Fragment,9,5
antennapod.apk,de.danoeh.antennapod.ui.screen.home.sections.InboxSection,Fragment,9,5
antennapod.apk,de.danoeh.antennapod.ui.screen.PlaybackHistoryFragment,Fragment,9,5
antennapod.apk,de.danoeh.antennapod.net.download.service.PowerConnectionReceiver,Receiver,2,2
antennapod.apk,de.danoeh.antennapod.playback.service.PlaybackService,Service,8,2
antennapod.apk,de.danoeh.antennapod.activity.SelectSubscriptionActivity,Activity,4,1
k9mail.apk,com.fsck.k9.ui.settings.notificationactions.NotificationActionsSettingsFragment,Fragment,5,3
k9mail.apk,app.k9mail.feature.settings.import.ui.OAuthFlowActivity,Activity,4,1
k9mail.apk,com.fsck.k9.ui.settings.account.AccountSettingsActivity,Activity,4,1
k9mail.apk,com.fsck.k9.activity.compose.MessageComposeInAppNotificationFragment,Fragment,5,3
k9mail.apk,com.fsck.k9.ui.managefolders.ManageFoldersFragment,Fragment,5,3
k9mail.apk,com.takisoft.preferencex.PreferenceFragmentCompat,Fragment,5,3
k9mail.apk,com.fsck.k9.activity.MessageSearchActivity,Activity,4,1
k9mail.apk,com.fsck.k9.ui.settings.notificationactions.NotificationActionsSettingsActivity,Activity,4,1
k9mail.apk,com.fsck.k9.ui.settings.account.OpenPgpAppSelectDialog$OpenKeychainInfoFragment,Fragment,5,3
k9mail.apk,com.fsck.k9.provider.DecryptedFileProvider$DecryptedFileProviderCleanupReceiver,Receiver,2,2
k9mail.apk,app.k9mail.feature.settings.import.ui.PickAppDialogFragment,Fragment,5,3
k9mail.apk,com.fsck.k9.activity.setup.AccountSetupComposition,Activity,4,1
k9mail.apk,com.bytehamster.lib.preferencesearch.SearchPreferenceFragment,Fragment,5,3
k9mail.apk,com.fsck.k9.ui.managefolders.ManageFoldersActivity,Activity,4,1
k9mail.apk,com.takisoft.preferencex.TimePickerPreferenceDialogFragmentCompat,Fragment,5,3
k9mail.apk,com.fsck.k9.ui.messagesource.MessageSourceActivity,Activity,4,1
k9mail.apk,com.fsck.k9.provider.AttachmentTempFileProvider,Provider,0,0
k9mail.apk,com.fsck.k9.ui.messagedetails.MessageDetailsFragment,Fragment,5,3
k9mail.apk,com.fsck.k9.activity.MessageCompose,Activity,4,1
k9mail.apk,com.fsck.k9.activity.MessageHomeActivity,Activity,4,1
k9mail.apk,app.k9mail.feature.migration.provider.SettingsProvider,Provider,0,0
k9mail.apk,app.k9mail.feature.widget.unread.UnreadWidgetConfigurationActivity,Activity,4,1
k9mail.apk,com.fsck.k9.ui.settings.SettingsListFragment,Fragment,5,3
k9mail.apk,app.k9mail.ui.utils.bottomsheet.ToolbarBottomSheetDialogFragment,Fragment,5,3
k9mail.apk,com.fsck.k9.ui.settings.AboutFragment,Fragment,5,3
k9mail.apk,com.fsck.k9.activity.compose.PgpEnabledErrorDialog,Fragment,5,3
k9mail.apk,app.k9mail.core.android.common.camera.provider.CaptureImageFileProvider,Provider,0,0
k9mail.apk,net.thunderbird.feature.notification.impl.ui.dialog.ErrorNotificationsDialogFragment,Fragment,5,3
k9mail.apk,app.k9mail.feature.settings.import.ui.SettingsImportFragment,Fragment,5,3
k9mail.apk,com.fsck.k9.provider.DecryptedFileProvider,Provider,0,0
k9mail.apk,com.fsck.k9.ui.messageview.PlaceholderFragment,Fragment,5,3
k9mail.apk,com.fsck.k9.activity.compose.PgpSignOnlyDialog,Fragment,5,3
k9mail.apk,com.fsck.k9.widget.list.MessageListWidgetProvider,Receiver,2,2
k9mail.apk,com.fsck.k9.ui.messagelist.MessageListFragment,Fragment,5,3
k9mail.apk,com.fsck.k9.ui.messageview.MessageViewContainerFragment,Fragment,5,3
k9mail.apk,com.fsck.k9.activity.compose.PgpEncryptDescriptionDialog,Fragment,5,3
k9mail.apk,com.fsck.k9.view.HighlightDialogFragment,Fragment,5,3
k9mail.apk,com.fsck.k9.fragment.AttachmentDownloadDialogFragment,Fragment,5,3
k9mail.apk,com.fsck.k9.ui.settings.account.OpenPgpAppSelectDialog$OpenPgpAppSelectFragment,Fragment,5,3
k9mail.apk,com.fsck.k9.activity.EditIdentity,Activity,4,1
k9mail.apk,com.fsck.k9.activity.BaseListActivity,Activity,4,1
k9mail.apk,com.fsck.k9.activity.ManageIdentities,Activity,4,1
k9mail.apk,com.fsck.k9.ui.settings.export.SettingsExportFragment,Fragment,5,3
k9mail.apk,com.fsck.k9.helper.RetainFragment,Fragment,5,3
k9mail.apk,com.fsck.k9.ui.choosefolder.ChooseFolderActivity,Activity,4,1
k9mail.apk,com.takisoft.preferencex.DatePickerPreferenceDialogFragmentCompat,Fragment,5,3
k9mail.apk,com.fsck.k9.controller.push.BootCompleteReceiver,Receiver,2,2
k9mail.apk,net.thunderbird.app.common.MainActivity,Activity,4,1
k9mail.apk,net.openid.appauth.AuthorizationManagementActivity,Activity,4,1
k9mail.apk,app.k9mail.feature.widget.unread.UnreadWidgetConfigurationFragment,Fragment,5,3
k9mail.apk,com.fsck.k9.activity.AccountList,Activity,4,1
k9mail.apk,com.fsck.k9.service.DatabaseUpgradeService,Service,8,2
k9mail.apk,com.fsck.k9.ui.managefolders.FolderSettingsFragment,Fragment,5,3
k9mail.apk,com.fsck.k9.activity.ChooseIdentity,Activity,4,1
k9mail.apk,com.fsck.k9.ui.endtoend.AutocryptKeyTransferActivity,Activity,4,1
k9mail.apk,app.k9mail.feature.migration.qrcode.settings.QrCodeSettingsFileProvider,Provider,0,0
k9mail.apk,com.fsck.k9.ui.settings.SettingsActivity,Activity,4,1
k9mail.apk,com.fsck.k9.provider.RawMessageProvider,Provider,0,0
k9mail.apk,app.k9mail.feature.widget.message.list.MessageListWidgetService,Service,8,2
k9mail.apk,net.thunderbird.feature.mail.message.composer.dialog.SentFolderNotFoundConfirmationDialogFragment,Fragment,5,3
k9mail.apk,com.fsck.k9.ui.settings.general.GeneralSettingsFragment,Fragment,5,3
k9mail.apk,com.fsck.k9.ui.base.BaseActivity,Activity,4,1
k9mail.apk,com.fsck.k9.ui.changelog.RecentChangesActivity,Activity,4,1
k9mail.apk,net.openid.appauth.RedirectUriReceiverActivity,Activity,4,1
k9mail.apk,com.fsck.k9.activity.UpgradeDatabaseActivity,Activity,4,1
k9mail.apk,com.fsck.k9.notification.NotificationActionService,Service,8,2
k9mail.apk,app.k9mail.feature.widget.unread.UnreadWidgetChooseAccountActivity,Activity,4,1
k9mail.apk,com.fsck.k9.ui.notification.DeleteConfirmationActivity,Activity,4,1
k9mail.apk,com.fsck.k9.fragment.ConfirmationDialogFragment,Fragment,5,3
k9mail.apk,com.fsck.k9.ui.messagelist.LegacyMessageListFragment,Fragment,5,3
k9mail.apk,com.fsck.k9.ui.settings.account.AutocryptPreferEncryptDialogFragment,Fragment,5,3
k9mail.apk,com.fsck.k9.controller.push.PushService,Service,8,2
k9mail.apk,com.fsck.k9.ui.settings.account.VibrationDialogFragment,Fragment,5,3
k9mail.apk,app.k9mail.feature.widget.shortcut.LauncherShortcutActivity,Activity,4,1
k9mail.apk,com.takisoft.preferencex.ColorPickerPreferenceDialogFragmentCompat,Fragment,5,3
k9mail.apk,com.fsck.k9.fragment.ProgressDialogFragment,Fragment,5,3
k9mail.apk,app.k9mail.feature.migration.qrcode.ui.QrCodeScannerActivity,Activity,4,1
k9mail.apk,com.fsck.k9.ui.changelog.ChangelogFragment,Fragment,5,3
k9mail.apk,com.fsck.k9.ui.messagesource.MessageHeadersFragment,Fragment,5,3
k9mail.apk,com.fsck.k9.activity.compose.PgpInlineDialog,Fragment,5,3
k9mail.apk,com.fsck.k9.ui.settings.general.GeneralSettingsActivity,Activity,4,1
k9mail.apk,com.fsck.k9.backends.AndroidAlarmManager$1,Receiver,2,2
k9mail.apk,com.fsck.k9.provider.AttachmentProvider,Provider,0,0
k9mail.apk,net.thunderbird.feature.mail.message.list.internal.ui.dialog.SetupArchiveFolderDialogFragment,Fragment,5,3
k9mail.apk,com.fsck.k9.ui.push.PushInfoFragment,Fragment,5,3
k9mail.apk,com.fsck.k9.provider.UnreadWidgetProvider,Receiver,2,2
k9mail.apk,com.fsck.k9.ui.messageview.MessageViewFragment,Fragment,5,3
k9mail.apk,com.fsck.k9.ui.base.locale.LocaleBroadcastReceiver,Receiver,2,2
k9mail.apk,com.fsck.k9.ui.push.PushInfoActivity,Activity,4,1
k9mail.apk,app.k9mail.feature.settings.import.ui.PasswordPromptDialogFragment,Fragment,5,3
k9mail.apk,com.fsck.k9.ui.settings.account.OpenPgpAppSelectDialog,Activity,4,1
k9mail.apk,app.k9mail.feature.launcher.FeatureLauncherActivity,Activity,4,1
k9mail.apk,com.fsck.k9.ui.settings.account.AccountSettingsFragment,Fragment,5,3
